{
    "users":[
        {
            "id": 1,
            "email": "admin@mail.com",
            "password": "admin"
          }
    ],
    "flights":[
        {
         "id": 1,
         "departureTime": "22:35",
         "from": "BOM",
         "departureDate": "3 Apr",
         "totalTime": "1h 10m",
         "type": "Direct",
         "arrivalTime": "23:45",
         "to": "GOI",
         "arrivalDate": "3 Apr",
         "airline": "Air Asia India",
         "amenities": "personal item, checked bag",
         "price": "2,355.62"
        },
        {
         "id": 2,
         "departureTime": "05:05",
         "from": "BOM",
         "departureDate": "3 Apr",
         "totalTime": "1h 05m",
         "type": "Direct",
         "arrivalTime": "06:10",
         "to": "GOI",
         "arrivalDate": "3 Apr",
         "airline": "Go First",
         "amenities": "personal item, cabin bag, checked bag",
         "price": "2,541.22"
        },
        {
         "id": 3,
         "departureTime": "04:55",
         "from": "BOM",
         "departureDate": "3 Apr",
         "totalTime": "1h 10m",
         "type": "Direct",
         "arrivalTime": "06:05",
         "to": "GOI",
         "arrivalDate": "3 Apr",
         "airline": "IndiGo",
         "amenities": "cabin bag, checked bag",
         "price": "2,411.91"
        },
        {
         "id": 4,
         "departureTime": "22:10",
         "from": "BOM",
         "departureDate": "3 Apr",
         "totalTime": "1h 10m",
         "type": "Direct",
         "arrivalTime": "23:20",
         "to": "GOI",
         "arrivalDate": "3 Apr",
         "airline": "IndiGo",
         "amenities": "cabin bag, checked bag",
         "price": "2,411.91"
        },
        {
         "id": 5,
         "departureTime": "03:55",
         "from": "BOM",
         "departureDate": "3 Apr",
         "totalTime": "1h 15m",
         "type": "Direct",
         "arrivalTime": "05:10",
         "to": "GOI",
         "arrivalDate": "3 Apr",
         "airline": "Air Asia India",
         "amenities": "personal item, checked bag",
         "price": "2,355.62"
        },
        {
         "id": 6,
         "departureTime": "16:45",
         "from": "BOM",
         "departureDate": "3 Apr",
         "totalTime": "1h 10m",
         "type": "Direct",
         "arrivalTime": "17:55",
         "to": "GOI",
         "arrivalDate": "3 Apr",
         "airline": "Go First",
         "amenities": "personal item, cabin bag, checked bag",
         "price": "2,541.22"
        },
        {
         "id": 7,
         "departureTime": "17:15",
         "from": "BOM",
         "departureDate": "3 Apr",
         "totalTime": "1h 10m",
         "type": "Direct",
         "arrivalTime": "18:25",
         "to": "GOI",
         "arrivalDate": "3 Apr",
         "airline": "IndiGo",
         "amenities": "cabin bag, checked bag",
         "price": "2,791.55"
        },
        {
         "id": 8,
         "departureTime": "22:10",
         "from": "BOM",
         "departureDate": "3 Apr",
         "totalTime": "1h 20m",
         "type": "Direct",
         "arrivalTime": "23:30",
         "to": "GOI",
         "arrivalDate": "3 Apr",
         "airline": "Go First",
         "amenities": "personal item, cabin bag, checked bag",
         "price": "2,541.22"
        },
        {
         "id": 9,
         "departureTime": "14:05",
         "from": "BOM",
         "departureDate": "3 Apr",
         "totalTime": "1h 15m",
         "type": "Direct",
         "arrivalTime": "15:20",
         "to": "GOI",
         "arrivalDate": "3 Apr",
         "airline": "IndiGo",
         "amenities": "cabin bag, checked bag",
         "price": "2,667.40"
        },
        {
         "id": 10,
         "departureTime": "15:20",
         "from": "BOM",
         "departureDate": "3 Apr",
         "totalTime": "1h 20m",
         "type": "Direct",
         "arrivalTime": "16:40",
         "to": "GOI",
         "arrivalDate": "3 Apr",
         "airline": "Go First",
         "amenities": "personal item, cabin bag, checked bag",
         "price": "2,920.83"
        },
        {
         "id": 11,
         "departureTime": "17:50",
         "from": "BOM",
         "departureDate": "3 Apr",
         "totalTime": "1h 05m",
         "type": "Direct",
         "arrivalTime": "18:55",
         "to": "GOI",
         "arrivalDate": "3 Apr",
         "airline": "Air Asia India",
         "amenities": "personal item, checked bag",
         "price": "3,520.11"
        },
        {
         "id": 12,
         "departureTime": "11:35",
         "from": "BOM",
         "departureDate": "3 Apr",
         "totalTime": "1h 05m",
         "type": "Direct",
         "arrivalTime": "12:40",
         "to": "GOI",
         "arrivalDate": "3 Apr",
         "airline": "IndiGo",
         "amenities": "cabin bag, checked bag",
         "price": "4,438.54"
        },
        {
         "id": 13,
         "departureTime": "05:00",
         "from": "BOM",
         "departureDate": "3 Apr",
         "totalTime": "1h 15m",
         "type": "Direct",
         "arrivalTime": "06:15",
         "to": "GOI",
         "arrivalDate": "3 Apr",
         "airline": "Air India",
         "amenities": "personal item, cabin bag, checked bag",
         "price": "5,366.82"
        },
        {
         "id": 14,
         "departureTime": "21:00",
         "from": "BOM",
         "departureDate": "3 Apr",
         "totalTime": "1h 20m",
         "type": "Direct",
         "arrivalTime": "22:20",
         "to": "GOI",
         "arrivalDate": "3 Apr",
         "airline": "Air India",
         "amenities": "personal item, cabin bag, checked bag",
         "price": "5,366.82"
        },
        {
         "id": 15,
         "departureTime": "20:50",
         "from": "BOM",
         "departureDate": "3 Apr",
         "totalTime": "1h 25m",
         "type": "Direct",
         "arrivalTime": "22:15",
         "to": "GOI",
         "arrivalDate": "3 Apr",
         "airline": "Vistara",
         "amenities": "personal item, cabin bag, checked bag",
         "price": "5,806.35"
        },
        {
         "id": 16,
         "departureTime": "18:55",
         "from": "GOI",
         "departureDate": "3 Apr",
         "totalTime": "1h 00m",
         "type": "Direct",
         "arrivalTime": "19:55",
         "to": "BOM",
         "arrivalDate": "3 Apr",
         "airline": "IndiGo",
         "amenities": "cabin bag, checked bag",
         "price": "6,156.79"
        },
        {
         "id": 17,
         "departureTime": "16:30",
         "from": "GOI",
         "departureDate": "3 Apr",
         "totalTime": "1h 10m",
         "type": "Direct",
         "arrivalTime": "17:40",
         "to": "BOM",
         "arrivalDate": "3 Apr",
         "airline": "IndiGo",
         "amenities": "cabin bag, checked bag",
         "price": "5,603.52"
        },
        {
         "id": 18,
         "departureTime": "06:45",
         "from": "GOI",
         "departureDate": "3 Apr",
         "totalTime": "1h 05m",
         "type": "Direct",
         "arrivalTime": "07:50",
         "to": "BOM",
         "arrivalDate": "3 Apr",
         "airline": "IndiGo",
         "amenities": "cabin bag, checked bag",
         "price": "6,156.79"
        },
        {
         "id": 19,
         "departureTime": "00:15",
         "from": "GOI",
         "departureDate": "3 Apr",
         "totalTime": "1h 10m",
         "type": "Direct",
         "arrivalTime": "01:25",
         "to": "BOM",
         "arrivalDate": "3 Apr",
         "airline": "Air Asia India",
         "amenities": "personal item, checked bag",
         "price": "6,189.59"
        },
        {
         "id": 20,
         "departureTime": "05:40",
         "from": "GOI",
         "departureDate": "3 Apr",
         "totalTime": "1h 15m",
         "type": "Direct",
         "arrivalTime": "06:55",
         "to": "BOM",
         "arrivalDate": "3 Apr",
         "airline": "Air Asia India",
         "amenities": "personal item, checked bag",
         "price": "6,178.24"
        },
        {
         "id": 21,
         "departureTime": "22:55",
         "from": "GOI",
         "departureDate": "3 Apr",
         "totalTime": "1h 20m",
         "type": "Direct",
         "arrivalTime": "00:15",
         "to": "BOM",
         "arrivalDate": "4 Apr",
         "airline": "Vistara",
         "amenities": "personal item, cabin bag, checked bag",
         "price": "6,115.25"
        },
        {
         "id": 22,
         "departureTime": "00:10",
         "from": "GOI",
         "departureDate": "3 Apr",
         "totalTime": "1h 10m",
         "type": "Direct",
         "arrivalTime": "01:20",
         "to": "BOM",
         "arrivalDate": "3 Apr",
         "airline": "IndiGo",
         "amenities": "cabin bag, checked bag",
         "price": "7,264.79"
        },
        {
         "id": 23,
         "departureTime": "19:25",
         "from": "GOI",
         "departureDate": "3 Apr",
         "totalTime": "1h 25m",
         "type": "Direct",
         "arrivalTime": "20:50",
         "to": "BOM",
         "arrivalDate": "3 Apr",
         "airline": "Air Asia India",
         "amenities": "personal item, checked bag",
         "price": "7,007.67"
        },
        {
         "id": 24,
         "departureTime": "13:20",
         "from": "GOI",
         "departureDate": "3 Apr",
         "totalTime": "1h 20m",
         "type": "Direct",
         "arrivalTime": "14:40",
         "to": "BOM",
         "arrivalDate": "3 Apr",
         "airline": "Vistara",
         "amenities": "personal item, cabin bag, checked bag",
         "price": "7,370.00"
        },
        {
         "id": 25,
         "departureTime": "18:25",
         "from": "GOI",
         "departureDate": "3 Apr",
         "totalTime": "1h 30m",
         "type": "Direct",
         "arrivalTime": "19:55",
         "to": "BOM",
         "arrivalDate": "3 Apr",
         "airline": "Go First",
         "amenities": "personal item, cabin bag, checked bag",
         "price": "6,764.86"
        },
        {
         "id": 26,
         "departureTime": "06:50",
         "from": "GOI",
         "departureDate": "3 Apr",
         "totalTime": "1h 30m",
         "type": "Direct",
         "arrivalTime": "08:20",
         "to": "BOM",
         "arrivalDate": "3 Apr",
         "airline": "Air India",
         "amenities": "personal item, cabin bag, checked bag",
         "price": "6,801.18"
        },
        {
         "id": 27,
         "departureTime": "06:40",
         "from": "GOI",
         "departureDate": "3 Apr",
         "totalTime": "1h 20m",
         "type": "Direct",
         "arrivalTime": "08:00",
         "to": "BOM",
         "arrivalDate": "3 Apr",
         "airline": "Go First",
         "amenities": "personal item, cabin bag, checked bag",
         "price": "7,517.94"
        },
        {
         "id": 28,
         "departureTime": "17:25",
         "from": "GOI",
         "departureDate": "3 Apr",
         "totalTime": "1h 30m",
         "type": "Direct",
         "arrivalTime": "18:55",
         "to": "BOM",
         "arrivalDate": "3 Apr",
         "airline": "Alliance Air",
         "amenities": "personal item, cabin bag",
         "price": "6,899.48"
        },
        {
         "id": 29,
         "departureTime": "00:05",
         "from": "GOI",
         "departureDate": "3 Apr",
         "totalTime": "1h 25m",
         "type": "Direct",
         "arrivalTime": "01:30",
         "to": "BOM",
         "arrivalDate": "3 Apr",
         "airline": "Go First",
         "amenities": "personal item, cabin bag, checked bag",
         "price": "7,529.28"
        },
        {
         "id": 30,
         "departureTime": "15:25",
         "from": "GOI",
         "departureDate": "3 Apr",
         "totalTime": "1h 25m",
         "type": "Direct",
         "arrivalTime": "16:50",
         "to": "BOM",
         "arrivalDate": "3 Apr",
         "airline": "Air India",
         "amenities": "personal item, cabin bag, checked bag",
         "price": "7,647.41"
        },
        {
         "id": 31,
         "departureTime": "15:25",
         "from": "GOI",
         "departureDate": "3 Apr",
         "totalTime": "2h 35m",
         "type": "Direct",
         "arrivalTime": "18:00",
         "to": "DEL",
         "arrivalDate": "3 Apr",
         "airline": "IndiGo",
         "amenities": "cabin bag, checked bag",
         "price": "7,998.21"
        },
        {
         "id": 32,
         "departureTime": "19:15",
         "from": "GOI",
         "departureDate": "3 Apr",
         "totalTime": "2h 35m",
         "type": "Direct",
         "arrivalTime": "21:50",
         "to": "DEL",
         "arrivalDate": "3 Apr",
         "airline": "IndiGo",
         "amenities": "cabin bag, checked bag",
         "price": "7,998.21"
        },
        {
         "id": 33,
         "departureTime": "22:05",
         "from": "GOI",
         "departureDate": "3 Apr",
         "totalTime": "2h 35m",
         "type": "Direct",
         "arrivalTime": "00:40",
         "to": "DEL",
         "arrivalDate": "4 Apr",
         "airline": "IndiGo",
         "amenities": "cabin bag, checked bag",
         "price": "7,998.21"
        },
        {
         "id": 34,
         "departureTime": "20:55",
         "from": "GOI",
         "departureDate": "3 Apr",
         "totalTime": "2h 30m",
         "type": "Direct",
         "arrivalTime": "23:25",
         "to": "DEL",
         "arrivalDate": "3 Apr",
         "airline": "IndiGo",
         "amenities": "cabin bag, checked bag",
         "price": "8,773.20"
        },
        {
         "id": 35,
         "departureTime": "21:55",
         "from": "GOI",
         "departureDate": "3 Apr",
         "totalTime": "2h 45m",
         "type": "Direct",
         "arrivalTime": "00:40",
         "to": "DEL",
         "arrivalDate": "4 Apr",
         "airline": "Vistara",
         "amenities": "personal item, cabin bag, checked bag",
         "price": "8,291.05"
        },
        {
         "id": 36,
         "departureTime": "13:05",
         "from": "GOI",
         "departureDate": "3 Apr",
         "totalTime": "2h 35m",
         "type": "Direct",
         "arrivalTime": "15:40",
         "to": "DEL",
         "arrivalDate": "3 Apr",
         "airline": "IndiGo",
         "amenities": "cabin bag, checked bag",
         "price": "8,773.20"
        },
        {
         "id": 37,
         "departureTime": "13:55",
         "from": "GOI",
         "departureDate": "3 Apr",
         "totalTime": "2h 35m",
         "type": "Direct",
         "arrivalTime": "16:30",
         "to": "DEL",
         "arrivalDate": "3 Apr",
         "airline": "IndiGo",
         "amenities": "cabin bag, checked bag",
         "price": "8,773.20"
        },
        {
         "id": 38,
         "departureTime": "23:00",
         "from": "GOI",
         "departureDate": "3 Apr",
         "totalTime": "2h 35m",
         "type": "Direct",
         "arrivalTime": "01:35",
         "to": "DEL",
         "arrivalDate": "4 Apr",
         "airline": "Air Asia India",
         "amenities": "personal item, checked bag",
         "price": "9,550.63"
        },
        {
         "id": 39,
         "departureTime": "14:05",
         "from": "GOI",
         "departureDate": "3 Apr",
         "totalTime": "2h 45m",
         "type": "Direct",
         "arrivalTime": "16:50",
         "to": "DEL",
         "arrivalDate": "3 Apr",
         "airline": "Air India",
         "amenities": "personal item, cabin bag, checked bag",
         "price": "9,255.63"
        },
        {
         "id": 40,
         "departureTime": "17:25",
         "from": "GOI",
         "departureDate": "3 Apr",
         "totalTime": "2h 45m",
         "type": "Direct",
         "arrivalTime": "20:10",
         "to": "DEL",
         "arrivalDate": "3 Apr",
         "airline": "Go First",
         "amenities": "personal item, cabin bag, checked bag",
         "price": "9,355.38"
        },
        {
         "id": 41,
         "departureTime": "14:25",
         "from": "GOI",
         "departureDate": "3 Apr",
         "totalTime": "2h 40m",
         "type": "Direct",
         "arrivalTime": "17:05",
         "to": "DEL",
         "arrivalDate": "3 Apr",
         "airline": "Vistara",
         "amenities": "personal item, cabin bag, checked bag",
         "price": "9,963.75"
        },
        {
         "id": 42,
         "departureTime": "08:05",
         "from": "GOI",
         "departureDate": "3 Apr",
         "totalTime": "2h 30m",
         "type": "Direct",
         "arrivalTime": "10:35",
         "to": "DEL",
         "arrivalDate": "3 Apr",
         "airline": "Air Asia India",
         "amenities": "personal item, checked bag",
         "price": "12,227.01"
        },
        {
         "id": 43,
         "departureTime": "16:30",
         "from": "GOI",
         "departureDate": "3 Apr",
         "totalTime": "2h 40m",
         "type": "Direct",
         "arrivalTime": "19:10",
         "to": "DEL",
         "arrivalDate": "3 Apr",
         "airline": "Air Asia India",
         "amenities": "personal item, checked bag",
         "price": "12,227.01"
        },
        {
         "id": 44,
         "departureTime": "17:20",
         "from": "GOI",
         "departureDate": "3 Apr",
         "totalTime": "4h 15m",
         "type": "Direct",
         "arrivalTime": "21:35",
         "to": "DEL",
         "arrivalDate": "3 Apr",
         "airline": "Air Asia India",
         "amenities": "personal item, checked bag",
         "price": "9,264.49"
        },
        {
         "id": 45,
         "departureTime": "18:55",
         "from": "GOI",
         "departureDate": "3 Apr",
         "totalTime": "4h 35m",
         "type": "1 stop",
         "arrivalTime": "23:30",
         "to": "DEL",
         "arrivalDate": "3 Apr",
         "airline": "IndiGo",
         "amenities": "cabin bag, checked bag",
         "price": "8,357.62"
        },
        {
         "id": 46,
         "departureTime": "15:25",
         "from": "GOI",
         "departureDate": "3 Apr",
         "totalTime": "2h 35m",
         "type": "Direct",
         "arrivalTime": "18:00",
         "to": "DEL",
         "arrivalDate": "3 Apr",
         "airline": "IndiGo",
         "amenities": "cabin bag, checked bag",
         "price": "7,998.21"
        },
        {
         "id": 47,
         "departureTime": "19:15",
         "from": "GOI",
         "departureDate": "3 Apr",
         "totalTime": "2h 35m",
         "type": "Direct",
         "arrivalTime": "21:50",
         "to": "DEL",
         "arrivalDate": "3 Apr",
         "airline": "IndiGo",
         "amenities": "cabin bag, checked bag",
         "price": "7,998.21"
        },
        {
         "id": 48,
         "departureTime": "22:05",
         "from": "GOI",
         "departureDate": "3 Apr",
         "totalTime": "2h 35m",
         "type": "Direct",
         "arrivalTime": "00:40",
         "to": "DEL",
         "arrivalDate": "4 Apr",
         "airline": "IndiGo",
         "amenities": "cabin bag, checked bag",
         "price": "7,998.21"
        },
        {
         "id": 49,
         "departureTime": "20:55",
         "from": "GOI",
         "departureDate": "3 Apr",
         "totalTime": "2h 30m",
         "type": "Direct",
         "arrivalTime": "23:25",
         "to": "DEL",
         "arrivalDate": "3 Apr",
         "airline": "IndiGo",
         "amenities": "cabin bag, checked bag",
         "price": "8,773.20"
        },
        {
         "id": 50,
         "departureTime": "21:55",
         "from": "GOI",
         "departureDate": "3 Apr",
         "totalTime": "2h 45m",
         "type": "Direct",
         "arrivalTime": "00:40",
         "to": "DEL",
         "arrivalDate": "4 Apr",
         "airline": "Vistara",
         "amenities": "personal item, cabin bag, checked bag",
         "price": "8,291.05"
        },
        {
         "id": 51,
         "departureTime": "13:05",
         "from": "GOI",
         "departureDate": "3 Apr",
         "totalTime": "2h 35m",
         "type": "Direct",
         "arrivalTime": "15:40",
         "to": "DEL",
         "arrivalDate": "3 Apr",
         "airline": "IndiGo",
         "amenities": "cabin bag, checked bag",
         "price": "8,773.20"
        },
        {
         "id": 52,
         "departureTime": "13:55",
         "from": "GOI",
         "departureDate": "3 Apr",
         "totalTime": "2h 35m",
         "type": "Direct",
         "arrivalTime": "16:30",
         "to": "DEL",
         "arrivalDate": "3 Apr",
         "airline": "IndiGo",
         "amenities": "cabin bag, checked bag",
         "price": "8,773.20"
        },
        {
         "id": 53,
         "departureTime": "23:00",
         "from": "GOI",
         "departureDate": "3 Apr",
         "totalTime": "2h 35m",
         "type": "Direct",
         "arrivalTime": "01:35",
         "to": "DEL",
         "arrivalDate": "4 Apr",
         "airline": "Air Asia India",
         "amenities": "personal item, checked bag",
         "price": "9,550.63"
        },
        {
         "id": 54,
         "departureTime": "14:05",
         "from": "GOI",
         "departureDate": "3 Apr",
         "totalTime": "2h 45m",
         "type": "Direct",
         "arrivalTime": "16:50",
         "to": "DEL",
         "arrivalDate": "3 Apr",
         "airline": "Air India",
         "amenities": "personal item, cabin bag, checked bag",
         "price": "9,255.63"
        },
        {
         "id": 55,
         "departureTime": "17:25",
         "from": "GOI",
         "departureDate": "3 Apr",
         "totalTime": "2h 45m",
         "type": "Direct",
         "arrivalTime": "20:10",
         "to": "DEL",
         "arrivalDate": "3 Apr",
         "airline": "Go First",
         "amenities": "personal item, cabin bag, checked bag",
         "price": "9,355.38"
        },
        {
         "id": 56,
         "departureTime": "14:25",
         "from": "GOI",
         "departureDate": "3 Apr",
         "totalTime": "2h 40m",
         "type": "Direct",
         "arrivalTime": "17:05",
         "to": "DEL",
         "arrivalDate": "3 Apr",
         "airline": "Vistara",
         "amenities": "personal item, cabin bag, checked bag",
         "price": "9,963.75"
        },
        {
         "id": 57,
         "departureTime": "08:05",
         "from": "GOI",
         "departureDate": "3 Apr",
         "totalTime": "2h 30m",
         "type": "Direct",
         "arrivalTime": "10:35",
         "to": "DEL",
         "arrivalDate": "3 Apr",
         "airline": "Air Asia India",
         "amenities": "personal item, checked bag",
         "price": "12,227.01"
        },
        {
         "id": 58,
         "departureTime": "16:30",
         "from": "GOI",
         "departureDate": "3 Apr",
         "totalTime": "2h 40m",
         "type": "Direct",
         "arrivalTime": "19:10",
         "to": "DEL",
         "arrivalDate": "3 Apr",
         "airline": "Air Asia India",
         "amenities": "personal item, checked bag",
         "price": "12,227.01"
        },
        {
         "id": 59,
         "departureTime": "17:20",
         "from": "GOI",
         "departureDate": "3 Apr",
         "totalTime": "4h 15m",
         "type": "Direct",
         "arrivalTime": "21:35",
         "to": "DEL",
         "arrivalDate": "3 Apr",
         "airline": "Air Asia India",
         "amenities": "personal item, checked bag",
         "price": "9,264.49"
        },
        {
         "id": 60,
         "departureTime": "18:55",
         "from": "GOI",
         "departureDate": "3 Apr",
         "totalTime": "4h 35m",
         "type": "1 stop",
         "arrivalTime": "23:30",
         "to": "DEL",
         "arrivalDate": "3 Apr",
         "airline": "IndiGo",
         "amenities": "cabin bag, checked bag",
         "price": "8,357.62"
        }
       ]
}